category,title,rating,price,availability
Mystery,Sharp Objects,Four,Â£47.82,In stock
Mystery,"In a Dark, Dark Wood",One,Â£19.63,In stock
Mystery,The Past Never Ends,Four,Â£56.50,In stock
Mystery,A Murder in Time,One,Â£16.64,In stock
Mystery,The Murder of Roger Ackroyd (Hercule Poirot #4),Four,Â£44.10,In stock
Mystery,The Last Mile (Amos Decker #2),Two,Â£54.21,In stock
Mystery,That Darkness (Gardiner and Renner #1),One,Â£13.92,In stock
Mystery,Tastes Like Fear (DI Marnie Rome #3),One,Â£10.69,In stock
Mystery,A Time of Torment (Charlie Parker #14),Five,Â£48.35,In stock
Mystery,A Study in Scarlet (Sherlock Holmes #1),Two,Â£16.73,In stock
Mystery,Poisonous (Max Revere Novels #3),Three,Â£26.80,In stock
Mystery,Murder at the 42nd Street Library (Raymond Ambler #1),Four,Â£54.36,In stock
Mystery,Most Wanted,Three,Â£35.28,In stock
Mystery,Hide Away (Eve Duncan #20),One,Â£11.84,In stock
Mystery,Boar Island (Anna Pigeon #19),Three,Â£59.48,In stock
Mystery,The Widow,Two,Â£27.26,In stock
Mystery,Playing with Fire,Three,Â£13.71,In stock
Mystery,What Happened on Beale Street (Secrets of the South Mysteries #2),Five,Â£25.37,In stock
Mystery,The Bachelor Girl's Guide to Murder (Herringford and Watts Mysteries #1),Five,Â£52.30,In stock
Mystery,Delivering the Truth (Quaker Midwife Mystery #1),Four,Â£20.89,In stock
Mystery,The Mysterious Affair at Styles (Hercule Poirot #1),Four,Â£24.80,In stock
Mystery,In the Woods (Dublin Murder Squad #1),Two,Â£38.38,In stock
Mystery,The Silkworm (Cormoran Strike #2),Five,Â£23.05,In stock
Mystery,The Exiled,Three,Â£43.45,In stock
Mystery,The Cuckoo's Calling (Cormoran Strike #1),One,Â£19.21,In stock
Mystery,Extreme Prey (Lucas Davenport #26),Three,Â£25.40,In stock
Mystery,Career of Evil (Cormoran Strike #3),Two,Â£24.72,In stock
Mystery,The No. 1 Ladies' Detective Agency (No. 1 Ladies' Detective Agency #1),Four,Â£57.70,In stock
Mystery,The Girl You Lost,Five,Â£12.29,In stock
Mystery,The Girl In The Ice (DCI Erika Foster #1),Three,Â£15.85,In stock
Mystery,Blood Defense (Samantha Brinkman #1),Three,Â£20.30,In stock
Mystery,1st to Die (Women's Murder Club #1),One,Â£53.98,In stock
Sequential Art,Scott Pilgrim's Precious Little Life (Scott Pilgrim #1),Five,Â£52.29,In stock
Sequential Art,Tsubasa: WoRLD CHRoNiCLE 2 (Tsubasa WoRLD CHRoNiCLE #2),One,Â£16.28,In stock
Sequential Art,This One Summer,Four,Â£19.49,In stock
Sequential Art,The Nameless City (The Nameless City #1),Four,Â£38.16,In stock
Sequential Art,"Saga, Volume 5 (Saga (Collected Editions) #5)",Two,Â£51.04,In stock
Sequential Art,"Rat Queens, Vol. 3: Demons (Rat Queens (Collected Editions) #11-15)",Three,Â£50.40,In stock
Sequential Art,"Princess Jellyfish 2-in-1 Omnibus, Vol. 01 (Princess Jellyfish 2-in-1 Omnibus #1)",Five,Â£13.61,In stock
Sequential Art,"Pop Gun War, Volume 1: Gift",One,Â£18.97,In stock
Sequential Art,Patience,Three,Â£10.16,In stock
Sequential Art,"Outcast, Vol. 1: A Darkness Surrounds Him (Outcast #1)",Four,Â£15.44,In stock
Sequential Art,orange: The Complete Collection 1 (orange: The Complete Collection #1),One,Â£48.41,In stock
Sequential Art,"Lumberjanes, Vol. 2: Friendship to the Max (Lumberjanes #5-8)",Two,Â£46.91,In stock
Sequential Art,"Lumberjanes, Vol. 1: Beware the Kitten Holy (Lumberjanes #1-4)",Three,Â£45.61,In stock
Sequential Art,Lumberjanes Vol. 3: A Terrible Plan (Lumberjanes #9-12),Two,Â£19.92,In stock
Sequential Art,"I Hate Fairyland, Vol. 1: Madly Ever After (I Hate Fairyland (Compilations) #1-5)",Two,Â£29.17,In stock
Sequential Art,I am a Hero Omnibus Volume 1,Three,Â£54.63,In stock
Sequential Art,"Giant Days, Vol. 2 (Giant Days #5-8)",Two,Â£22.11,In stock
Sequential Art,Danganronpa Volume 1,Four,Â£51.99,In stock
Sequential Art,"Codename Baboushka, Volume 1: The Conclave of Death",Four,Â£36.72,In stock
Sequential Art,Camp Midnight,Four,Â£17.08,In stock
Sequential Art,"Bitch Planet, Vol. 1: Extraordinary Machine (Bitch Planet (Collected Editions))",Two,Â£37.92,In stock
Sequential Art,The Shadow Hero (The Shadow Hero),One,Â£33.14,In stock
Sequential Art,"Fables, Vol. 1: Legends in Exile (Fables #1)",Four,Â£41.62,In stock
Sequential Art,Batman: The Long Halloween (Batman),Two,Â£36.50,In stock
Sequential Art,Batman: The Dark Knight Returns (Batman),Five,Â£15.38,In stock
Sequential Art,"Wonder Woman: Earth One, Volume One (Wonder Woman: Earth One #1)",Four,Â£37.34,In stock
Sequential Art,"We Are Robin, Vol. 1: The Vigilante Business (We Are Robin #1)",One,Â£53.90,In stock
Sequential Art,Through the Woods,Two,Â£25.38,In stock
Sequential Art,Superman Vol. 1: Before Truth (Superman by Gene Luen Yang #1),Five,Â£11.89,In stock
Sequential Art,"So Cute It Hurts!!, Vol. 6 (So Cute It Hurts!! #6)",Four,Â£35.43,In stock
Sequential Art,Robin War,Three,Â£47.82,In stock
Sequential Art,"Red Hood/Arsenal, Vol. 1: Open for Business (Red Hood/Arsenal #1)",Two,Â£25.48,In stock
Sequential Art,"Naruto (3-in-1 Edition), Vol. 14: Includes Vols. 40, 41 & 42 (Naruto: Omnibus #14)",Two,Â£38.39,In stock
Sequential Art,Lowriders to the Center of the Earth (Lowriders in Space #2),Two,Â£51.51,In stock
Sequential Art,El Deafo,Five,Â£57.62,In stock
Sequential Art,Batman: Europa,Two,Â£32.01,In stock
Sequential Art,Art Ops Vol. 1,Three,Â£48.80,In stock
Sequential Art,"Adulthood Is a Myth: A ""Sarah's Scribbles"" Collection",Two,Â£10.90,In stock
Sequential Art,"Fruits Basket, Vol. 9 (Fruits Basket #9)",Four,Â£33.95,In stock
Sequential Art,Roller Girl,Five,Â£14.10,In stock
Sequential Art,"Fruits Basket, Vol. 7 (Fruits Basket #7)",One,Â£19.57,In stock
Sequential Art,"Fruits Basket, Vol. 6 (Fruits Basket #6)",Four,Â£20.96,In stock
Sequential Art,"Death Note, Vol. 6: Give-and-Take (Death Note #6)",Three,Â£36.39,In stock
Sequential Art,"Fruits Basket, Vol. 5 (Fruits Basket #5)",One,Â£16.33,In stock
Sequential Art,"Death Note, Vol. 5: Whiteout (Death Note #5)",One,Â£52.41,In stock
Sequential Art,"The Demon Prince of Momochi House, Vol. 4 (The Demon Prince of Momochi House #4)",Two,Â£27.88,In stock
Sequential Art,"Fruits Basket, Vol. 4 (Fruits Basket #4)",Four,Â£50.44,In stock
Sequential Art,"The Wicked + The Divine, Vol. 3: Commercial Suicide (The Wicked + The Divine)",Three,Â£14.41,In stock
Sequential Art,"The Sandman, Vol. 3: Dream Country (The Sandman (volumes) #3)",Five,Â£55.55,In stock
Sequential Art,"Saga, Volume 3 (Saga (Collected Editions) #3)",Five,Â£21.57,In stock
Sequential Art,Prodigy: The Graphic Novel (Legend: The Graphic Novel #2),Three,Â£43.63,In stock
Sequential Art,Persepolis: The Story of a Childhood (Persepolis #1-2),One,Â£39.13,In stock
Sequential Art,Original Fake,Three,Â£31.45,In stock
Sequential Art,"Grayson, Vol 3: Nemesis (Grayson #3)",One,Â£42.72,In stock
Sequential Art,"Fruits Basket, Vol. 3 (Fruits Basket #3)",Two,Â£45.17,In stock
Sequential Art,"Black Butler, Vol. 1 (Black Butler #1)",One,Â£49.31,In stock
Sequential Art,Awkward,Two,Â£38.02,In stock
Sequential Art,"The Sandman, Vol. 2: The Doll's House (The Sandman (volumes) #2)",One,Â£54.81,In stock
Sequential Art,"Saga, Volume 2 (Saga (Collected Editions) #2)",Three,Â£11.75,In stock
Sequential Art,"Fruits Basket, Vol. 2 (Fruits Basket #2)",Five,Â£11.64,In stock
Sequential Art,"Y: The Last Man, Vol. 1: Unmanned (Y: The Last Man #1)",Four,Â£18.51,In stock
Sequential Art,"The Wicked + The Divine, Vol. 1: The Faust Act (The Wicked + The Divine)",Two,Â£36.52,In stock
Sequential Art,"The Sandman, Vol. 1: Preludes and Nocturnes (The Sandman (volumes) #1)",Three,Â£54.12,In stock
Sequential Art,The Complete Maus (Maus #1-2),Three,Â£10.64,In stock
Sequential Art,"Skip Beat!, Vol. 01 (Skip Beat! #1)",Three,Â£42.12,In stock
Sequential Art,"Saga, Volume 1 (Saga (Collected Editions) #1)",One,Â£28.48,In stock
Sequential Art,"Rat Queens, Vol. 1: Sass & Sorcery (Rat Queens (Collected Editions) #1-5)",Five,Â£46.96,In stock
Sequential Art,"Paper Girls, Vol. 1 (Paper Girls #1-5)",Four,Â£21.71,In stock
Sequential Art,"Ouran High School Host Club, Vol. 1 (Ouran High School Host Club #1)",Three,Â£29.87,In stock
Sequential Art,"Ms. Marvel, Vol. 1: No Normal (Ms. Marvel (2014-2015) #1)",Four,Â£39.39,In stock
Sequential Art,"Hawkeye, Vol. 1: My Life as a Weapon (Hawkeye #1)",Three,Â£45.24,In stock
Sequential Art,"Giant Days, Vol. 1 (Giant Days #1-4)",Four,Â£56.76,In stock
Sequential Art,"Fruits Basket, Vol. 1 (Fruits Basket #1)",Five,Â£40.28,In stock
Sequential Art,"Bleach, Vol. 1: Strawberry and the Soul Reapers (Bleach #1)",Five,Â£34.65,In stock
Sequential Art,"Ajin: Demi-Human, Volume 1 (Ajin: Demi-Human #1)",Four,Â£57.06,In stock
Romance,Chase Me (Paris Nights #2),Five,Â£25.27,In stock
Romance,Black Dust,Five,Â£34.53,In stock
Romance,Her Backup Boyfriend (The Sorensen Family #1),One,Â£33.97,In stock
Romance,First and First (Five Boroughs #3),Four,Â£15.97,In stock
Romance,Fifty Shades Darker (Fifty Shades #2),One,Â£21.96,In stock
Romance,The Wedding Dress,One,Â£24.12,In stock
Romance,Suddenly in Love (Lake Haven #1),Two,Â£55.99,In stock
Romance,Something More Than This,Four,Â£16.24,In stock
Romance,Doing It Over (Most Likely To #1),Three,Â£35.61,In stock
Romance,The Wedding Pact (The O'Malleys #2),Three,Â£32.61,In stock
Romance,Hold Your Breath (Search and Rescue #1),One,Â£28.82,In stock
Romance,Dirty (Dive Bar #1),Four,Â£40.83,In stock
Romance,Take Me Home Tonight (Rock Star Romance #3),Three,Â£53.98,In stock
Romance,Off the Hook (Fishing for Trouble #1),Three,Â£47.67,In stock
Romance,A Gentleman's Position (Society of Gentlemen #3),Five,Â£14.75,In stock
Romance,"Sit, Stay, Love",Three,Â£20.90,In stock
Romance,A Girl's Guide to Moving On (New Beginnings #2),One,Â£31.30,In stock
Romance,The Perfect Play (Play by Play #1),Three,Â£59.99,In stock
Romance,Dark Lover (Black Dagger Brotherhood #1),One,Â£12.87,In stock
Romance,Changing the Game (Play by Play #2),Three,Â£13.38,In stock
Romance,A Walk to Remember,One,Â£56.43,In stock
Romance,The Purest Hook (Second Circle Tattoos #3),One,Â£12.25,In stock
Romance,The Obsession,One,Â£45.43,In stock
Romance,Reservations for Two,Three,Â£11.10,In stock
Romance,Best of My Love (Fool's Gold #20),Two,Â£27.41,In stock
Romance,Where Lightning Strikes (Bleeding Stars #3),Three,Â£39.77,In stock
Romance,This One Moment (Pushing Limits #1),One,Â£48.71,In stock
Romance,"Rhythm, Chord & Malykhin",Two,Â£28.34,In stock
Romance,My Perfect Mistake (Over the Top #1),Two,Â£38.92,In stock
Romance,Listen to Me (Fusion #1),Three,Â£58.99,In stock
Romance,Imperfect Harmony,Four,Â£34.74,In stock
Romance,Fighting Fate (Fighting #6),Three,Â£39.24,In stock
Romance,Deep Under (Walker Security #1),Five,Â£47.09,In stock
Romance,Charity's Cross (Charles Towne Belles #4),One,Â£41.24,In stock
Romance,Bounty (Colorado Mountain #7),Four,Â£37.26,In stock
